Commodity,Unit,Current_Price_INR,Week_Ago_Price_INR,Week_Ago_Change,Month_Ago_Price_INR,Month_Ago_Change,Six_Months_Ago_Price_INR,Six_Months_Ago_Change,Year_Ago_Price_INR,Year_Ago_Change,Two_Years_Ago_Price_INR,Two_Years_Ago_Change
Broken Rice,1 Kg,33.95,32.93,3.1,33.82,0.38,,,,,,
Rice,1 Kg,46.92,45.6,2.89,46.23,1.49,42.93,9.29,43.09,8.89,43.53,7.79
Wheat,1 Kg,32.05,31.94,0.34,31.71,1.07,30.94,3.59,31.66,1.23,31.2,2.72
Atta (Wheat),1 Kg,37.61,37.66,-0.13,37.39,0.59,36.79,2.23,37.05,1.51,36.19,3.92
Gram Dal(Bharat Dal Adjusted),1 Kg,85.68,84.31,1.62,83.56,2.54,81.06,5.7,83.07,3.14,89.29,-4.04
Gram Dal,1 Kg,90.21,88.6,1.82,87.72,2.84,84.77,6.42,87.14,3.52,94.45,-4.49
Tur/Arhar Dal,1 Kg,127.87,125.68,1.74,124.04,3.09,122.28,4.57,115.53,10.68,163.41,-21.75
Urad Dal,1 Kg,123.66,122.83,0.68,122.55,0.91,117.6,5.15,113.98,8.49,124.98,-1.06
Moong Dal,1 Kg,112.8,111.59,1.08,112.0,0.71,110.8,1.81,110.54,2.04,116.08,-2.83
Masoor Dal,1 Kg,90.4,89.4,1.12,90.47,-0.08,89.28,1.25,89.53,0.97,89.55,0.95
Sugar,1 Kg,55.34,55.26,0.14,60.31,-8.24,46.4,19.27,46.49,19.04,44.86,23.36
Milk (₹/ltr),1 Ltr,61.55,61.23,0.52,61.29,0.42,59.42,3.58,59.16,4.04,58.77,4.73
Groundnut Oil (Packed),1 Kg,210.13,208.01,1.02,209.18,0.45,199.29,5.44,188.34,11.57,193.09,8.82
Mustard Oil (Packed),1 Kg,203.39,202.26,0.56,202.14,0.62,188.36,7.98,187.8,8.3,161.16,26.2
Vanaspati (Packed),1 Kg,169.13,167.25,1.12,167.94,0.71,157.8,7.18,156.63,7.98,135.84,24.51
Soya Oil (Packed),1 Kg,167.6,166.15,0.87,165.82,1.07,156.76,6.92,146.81,14.16,134.77,24.36
Sunflower Oil (Packed),1 Kg,191.46,191.15,0.16,192.88,-0.74,183.34,4.43,162.94,17.5,138.33,38.41
Palm Oil (Packed),1 Kg,153.49,152.61,0.58,151.64,1.22,142.19,7.95,132.8,15.58,119.61,28.33
Gur,1 Kg,66.5,66.62,-0.18,67.0,-0.75,56.92,16.83,57.14,16.38,55.53,19.76
Tea Loose,1 Kg,276.5,272.27,1.55,275.74,0.28,272.09,1.62,271.57,1.82,269.58,2.57
Salt Pack (Iodised),1 Kg,22.34,22.32,0.09,22.35,-0.04,21.99,1.59,21.47,4.05,21.91,1.96
Potato,1 Kg,22.72,21.9,3.74,22.74,-0.09,20.09,13.09,25.24,-9.98,37.15,-38.84
Onion,1 Kg,53.52,53.37,0.28,52.66,1.63,24.97,114.34,26.72,100.3,54.39,-1.6
Tomato,1 Kg,42.7,41.63,2.57,39.07,9.29,26.37,61.93,38.48,10.97,66.9,-36.17
Bajra (whole),1 Kg,38.77,38.37,1.04,38.6,0.44,37.07,4.59,37.71,2.81,36.59,5.96
Jowar (whole),1 Kg,45.37,44.86,1.14,45.11,0.58,43.35,4.66,42.92,5.71,44.27,2.48
Maida (wheat),1 Kg,42.77,42.03,1.76,42.48,0.68,41.75,2.44,41.84,2.22,40.49,5.63
Ragi (whole),1 kg,55.83,55.61,0.4,55.76,0.13,54.62,2.22,53.6,4.16,54.24,2.93
Suji (whole),1 Kg,47.86,46.72,2.44,47.36,1.06,46.49,2.95,47.13,1.55,45.24,5.79
Besan,1 Kg,97.29,96.63,0.68,96.52,0.8,94.84,2.58,96.33,1.0,100.42,-3.12
Desi Ghee,1 Kg,703.06,702.24,0.12,699.15,0.56,680.43,3.33,666.71,5.45,618.91,13.6
Butter (Pasteurised),100 gm,60.67,60.78,-0.18,60.44,0.38,59.02,2.8,59.09,2.67,57.4,5.7
Eggs,1 Dozen,83.88,84.04,-0.19,83.61,0.32,77.2,8.65,77.7,7.95,78.67,6.62
Brinjal,1 Kg,43.45,42.61,1.97,42.6,2.0,38.42,13.09,43.49,-0.09,45.52,-4.55
Black Pepper (whole),100 gm,88.57,88.44,0.15,88.57,0.0,87.34,1.41,87.1,1.69,90.04,-1.63
Coriander (whole),250 gm,44.28,44.19,0.2,43.66,1.42,38.17,16.01,37.3,18.71,36.31,21.95
Cummin Seed (whole),100 gm,40.8,41.03,-0.56,40.69,0.27,40.6,0.49,41.78,-2.35,51.58,-20.9
Red Chillies (whole),100 gm,30.61,30.39,0.72,30.42,0.62,28.51,7.37,27.48,11.39,33.9,-9.71
Turmeric (powder),50 gm,16.82,16.63,1.14,16.68,0.84,16.36,2.81,16.37,2.75,21.05,-20.1
Banana,1 Kg,49.31,49.09,0.45,49.9,-1.18,47.78,3.2,48.67,1.31,49.98,-1.34
Ginger,250 gm,34.96,35.37,-1.16,36.69,-4.72,24.96,40.06,,,,
Garlic,250 gm,45.43,45.06,0.82,45.14,0.64,36.65,23.96,,,,
